{"cameraMode":{"drawMode":0,"name":"Shaded","section":"Shading Mode"},"sceneLighting":false,"audioPlay":false,"sceneViewState":{"m_AlwaysRefresh":false,"showFog":true,"showSkybox":false,"showFlares":true,"showImageEffects":true,"showParticleSystems":true,"showVisualEffectGraphs":true,"m_FxEnabled":true},"in2DMode":false,"pivot":{"x":-0.04766763001680374,"y":0.8764662146568298,"z":-0.01023346371948719},"rotation":{"x":0.03512173518538475,"y":-0.9496753215789795,"z":0.2890934944152832,"w":0.11537683010101319},"size":0.8543874025344849,"orthographic":false}